{
    "$schema": "https://schema.management.azure.com/schemas/2015-01-01/deploymentParameters.json#",
    "contentVersion": "1.0.0.0",
    "parameters": {
        "location": {
            "value": "eastus"
        },
        "networkInterfaceName2": {
            "value": "ahmadvmdevops598_z2"
        },
        "enableAcceleratedNetworking": {
            "value": true
        },
        "networkSecurityGroupName": {
            "value": "ahmadvmdevops-nsg"
        },
        "networkSecurityGroupRules": {
            "value": [
                {
                    "name": "SSH",
                    "properties": {
                        "priority": 300,
                        "protocol": "TCP",
                        "access": "Allow",
                        "direction": "Inbound",
                        "sourceAddressPrefix": "*",
                        "sourcePortRange": "*",
                        "destinationAddressPrefix": "*",
                        "destinationPortRange": "22"
                    }
                }
            ]
        },
        "subnetId": {
            "value": "/subscriptions/a2b28c85-1948-4263-90ca-bade2bac4df4/resourceGroups/kml_rg_main-62025585a56d4943/providers/Microsoft.Network/virtualNetworks/vnet-eastus/subnets/snet-eastus-1"
        },
        "publicIpAddressName2": {
            "value": "ahmadvmdevops-ip"
        },
        "publicIpAddressType": {
            "value": "Static"
        },
        "publicIpAddressSku": {
            "value": "Standard"
        },
        "pipDeleteOption": {
            "value": "Detach"
        },
        "virtualMachineName": {
            "value": "ahmadvmdevops"
        },
        "virtualMachineName2": {
            "value": "ahmadvmdevops"
        },
        "virtualMachineComputerName2": {
            "value": "ahmadvmdevops"
        },
        "virtualMachineRG": {
            "value": "kml_rg_main-62025585a56d4943"
        },
        "osDiskType": {
            "value": "Premium_LRS"
        },
        "osDiskDeleteOption": {
            "value": "Delete"
        },
        "virtualMachineSize": {
            "value": "Standard_D2s_v3"
        },
        "nicDeleteOption": {
            "value": "Detach"
        },
        "hibernationEnabled": {
            "value": false
        },
        "adminUsername": {
            "value": "azureuser"
        },
        "enablePeriodicAssessment": {
            "value": "ImageDefault"
        },
        "securityType": {
            "value": "TrustedLaunch"
        },
        "secureBoot": {
            "value": true
        },
        "vTPM": {
            "value": true
        },
        "virtualMachine2Zone": {
            "value": "2"
        },
        "vnetLocation": {
            "value": "eastus"
        },
        "vnetExtendedLocation": {
            "value": {}
        },
        "vnetVirtualNetworkName": {
            "value": "vnet-eastus"
        },
        "vnetResourceGroupName": {
            "value": "kml_rg_main-62025585a56d4943"
        },
        "vnetDeploymentName": {
            "value": "network-interface-associated-virtual-network-20251110104927"
        },
        "vnetNatGatewaysWithNewPublicIpAddress": {
            "value": []
        },
        "vnetNatGatewaysWithoutNewPublicIpAddress": {
            "value": []
        },
        "vnetNatGatewayPublicIpAddressesNewNames": {
            "value": []
        },
        "vnetNetworkSecurityGroupsNew": {
            "value": []
        },
        "vnetProperties": {
            "value": {
                "subnets": [
                    {
                        "name": "snet-eastus-1",
                        "properties": {
                            "addressPrefixes": [
                                "172.16.0.0/24"
                            ]
                        }
                    }
                ],
                "addressSpace": {
                    "addressPrefixes": [
                        "172.16.0.0/16"
                    ]
                }
            }
        }
    }
}